{
  "version": 3,
  "artifactType": {
    "type": "APK",
    "kind": "Directory"
  },
  "applicationId": "com.luastudio.demo",
  "variantName": "release",
  "elements": [
    {
      "type": "SINGLE",
      "filters": [],
      "attributes": [],
      "versionCode": 50020,
      "versionName": "5.0.20",
      "outputFile": "qfli_luastudio_demo-release.apk"
    }
  ],
  "elementType": "File",
  "baselineProfiles": [
    {
      "minApi": 28,
      "maxApi": 30,
      "baselineProfiles": [
        "baselineProfiles/1/qfli_luastudio_demo-release.dm"
      ]
    },
    {
      "minApi": 31,
      "maxApi": 2147483647,
      "baselineProfiles": [
        "baselineProfiles/0/qfli_luastudio_demo-release.dm"
      ]
    }
  ],
  "minSdkVersionForDexing": 21
}